{
  "data": [
    {
      "id": 2,
      "employee_name": "Garrett Winters",
      "employee_salary": 170750,
      "employee_age": 63,
      "dept_num": 2
    },
    {
      "id": 3,
      "employee_name": "Ashton Cox",
      "employee_salary": 86000,
      "employee_age": 66,
      "dept_num": 3
    },
    {
      "id": 4,
      "employee_name": "Cedric Kelly",
      "employee_salary": 433060,
      "employee_age": 22,
      "dept_num": 4
    },
    {
      "id": 5,
      "employee_name": "Airi Satou",
      "employee_salary": 162700,
      "employee_age": 33,
      "dept_num": 5
    },
    {
      "id": 6,
      "employee_name": "Brielle Williamson",
      "employee_salary": 372000,
      "employee_age": 61,
      "dept_num": 6
    },
    {
      "id": 7,
      "employee_name": "Herrod Chandler",
      "employee_salary": 137500,
      "employee_age": 59,
      "dept_num": 7
    },
    {
      "id": 8,
      "employee_name": "Rhona Davidson",
      "employee_salary": 327900,
      "employee_age": 55,
      "dept_num": 8
    }
  ]
}